"","m1","m2","sd1","sd2"
"1",-1,-1,1,2
"2",0,-1,1,2
"3",1,-1,1,2
"4",2,-1,1,2
"5",3,-1,1,2
"6",4,-1,1,2
"7",5,-1,1,2
"8",6,-1,1,2
"9",7,-1,1,2
"10",8,-1,1,2
"11",9,-1,1,2
"12",10,-1,1,2
"13",11,-1,1,2
"14",12,-1,1,2
"15",13,-1,1,2
"16",14,-1,1,2
"17",15,-1,1,2
"18",16,-1,1,2
"19",17,-1,1,2
"20",18,-1,1,2
"21",19,-1,1,2
"22",20,-1,1,2
"23",21,-1,1,2
"24",22,-1,1,2
"25",23,-1,1,2
"26",24,-1,1,2
"27",25,-1,1,2
"28",26,-1,1,2
"29",27,-1,1,2
"30",28,-1,1,2
"31",29,-1,1,2
"32",30,-1,1,2
"33",-1,0,1,2
"34",0,0,1,2
"35",1,0,1,2
"36",2,0,1,2
"37",3,0,1,2
"38",4,0,1,2
"39",5,0,1,2
"40",6,0,1,2
"41",7,0,1,2
"42",8,0,1,2
"43",9,0,1,2
"44",10,0,1,2
"45",11,0,1,2
"46",12,0,1,2
"47",13,0,1,2
"48",14,0,1,2
"49",15,0,1,2
"50",16,0,1,2
"51",17,0,1,2
"52",18,0,1,2
"53",19,0,1,2
"54",20,0,1,2
"55",21,0,1,2
"56",22,0,1,2
"57",23,0,1,2
"58",24,0,1,2
"59",25,0,1,2
"60",26,0,1,2
"61",27,0,1,2
"62",28,0,1,2
"63",29,0,1,2
"64",30,0,1,2
"65",-1,1,1,2
"66",0,1,1,2
"67",1,1,1,2
"68",2,1,1,2
"69",3,1,1,2
"70",4,1,1,2
"71",5,1,1,2
"72",6,1,1,2
"73",7,1,1,2
"74",8,1,1,2
"75",9,1,1,2
"76",10,1,1,2
"77",11,1,1,2
"78",12,1,1,2
"79",13,1,1,2
"80",14,1,1,2
"81",15,1,1,2
"82",16,1,1,2
"83",17,1,1,2
"84",18,1,1,2
"85",19,1,1,2
"86",20,1,1,2
"87",21,1,1,2
"88",22,1,1,2
"89",23,1,1,2
"90",24,1,1,2
"91",25,1,1,2
"92",26,1,1,2
"93",27,1,1,2
"94",28,1,1,2
"95",29,1,1,2
"96",30,1,1,2
"97",-1,2,1,2
"98",0,2,1,2
"99",1,2,1,2
"100",2,2,1,2
"101",3,2,1,2
"102",4,2,1,2
"103",5,2,1,2
"104",6,2,1,2
"105",7,2,1,2
"106",8,2,1,2
"107",9,2,1,2
"108",10,2,1,2
"109",11,2,1,2
"110",12,2,1,2
"111",13,2,1,2
"112",14,2,1,2
"113",15,2,1,2
"114",16,2,1,2
"115",17,2,1,2
"116",18,2,1,2
"117",19,2,1,2
"118",20,2,1,2
"119",21,2,1,2
"120",22,2,1,2
"121",23,2,1,2
"122",24,2,1,2
"123",25,2,1,2
"124",26,2,1,2
"125",27,2,1,2
"126",28,2,1,2
"127",29,2,1,2
"128",30,2,1,2
"129",-1,3,1,2
"130",0,3,1,2
"131",1,3,1,2
"132",2,3,1,2
"133",3,3,1,2
"134",4,3,1,2
"135",5,3,1,2
"136",6,3,1,2
"137",7,3,1,2
"138",8,3,1,2
"139",9,3,1,2
"140",10,3,1,2
"141",11,3,1,2
"142",12,3,1,2
"143",13,3,1,2
"144",14,3,1,2
"145",15,3,1,2
"146",16,3,1,2
"147",17,3,1,2
"148",18,3,1,2
"149",19,3,1,2
"150",20,3,1,2
"151",21,3,1,2
"152",22,3,1,2
"153",23,3,1,2
"154",24,3,1,2
"155",25,3,1,2
"156",26,3,1,2
"157",27,3,1,2
"158",28,3,1,2
"159",29,3,1,2
"160",30,3,1,2
"161",-1,4,1,2
"162",0,4,1,2
"163",1,4,1,2
"164",2,4,1,2
"165",3,4,1,2
"166",4,4,1,2
"167",5,4,1,2
"168",6,4,1,2
"169",7,4,1,2
"170",8,4,1,2
"171",9,4,1,2
"172",10,4,1,2
"173",11,4,1,2
"174",12,4,1,2
"175",13,4,1,2
"176",14,4,1,2
"177",15,4,1,2
"178",16,4,1,2
"179",17,4,1,2
"180",18,4,1,2
"181",19,4,1,2
"182",20,4,1,2
"183",21,4,1,2
"184",22,4,1,2
"185",23,4,1,2
"186",24,4,1,2
"187",25,4,1,2
"188",26,4,1,2
"189",27,4,1,2
"190",28,4,1,2
"191",29,4,1,2
"192",30,4,1,2
"193",-1,5,1,2
"194",0,5,1,2
"195",1,5,1,2
"196",2,5,1,2
"197",3,5,1,2
"198",4,5,1,2
"199",5,5,1,2
"200",6,5,1,2
"201",7,5,1,2
"202",8,5,1,2
"203",9,5,1,2
"204",10,5,1,2
"205",11,5,1,2
"206",12,5,1,2
"207",13,5,1,2
"208",14,5,1,2
"209",15,5,1,2
"210",16,5,1,2
"211",17,5,1,2
"212",18,5,1,2
"213",19,5,1,2
"214",20,5,1,2
"215",21,5,1,2
"216",22,5,1,2
"217",23,5,1,2
"218",24,5,1,2
"219",25,5,1,2
"220",26,5,1,2
"221",27,5,1,2
"222",28,5,1,2
"223",29,5,1,2
"224",30,5,1,2
"225",-1,6,1,2
"226",0,6,1,2
"227",1,6,1,2
"228",2,6,1,2
"229",3,6,1,2
"230",4,6,1,2
"231",5,6,1,2
"232",6,6,1,2
"233",7,6,1,2
"234",8,6,1,2
"235",9,6,1,2
"236",10,6,1,2
"237",11,6,1,2
"238",12,6,1,2
"239",13,6,1,2
"240",14,6,1,2
"241",15,6,1,2
"242",16,6,1,2
"243",17,6,1,2
"244",18,6,1,2
"245",19,6,1,2
"246",20,6,1,2
"247",21,6,1,2
"248",22,6,1,2
"249",23,6,1,2
"250",24,6,1,2
"251",25,6,1,2
"252",26,6,1,2
"253",27,6,1,2
"254",28,6,1,2
"255",29,6,1,2
"256",30,6,1,2
"257",-1,7,1,2
"258",0,7,1,2
"259",1,7,1,2
"260",2,7,1,2
"261",3,7,1,2
"262",4,7,1,2
"263",5,7,1,2
"264",6,7,1,2
"265",7,7,1,2
"266",8,7,1,2
"267",9,7,1,2
"268",10,7,1,2
"269",11,7,1,2
"270",12,7,1,2
"271",13,7,1,2
"272",14,7,1,2
"273",15,7,1,2
"274",16,7,1,2
"275",17,7,1,2
"276",18,7,1,2
"277",19,7,1,2
"278",20,7,1,2
"279",21,7,1,2
"280",22,7,1,2
"281",23,7,1,2
"282",24,7,1,2
"283",25,7,1,2
"284",26,7,1,2
"285",27,7,1,2
"286",28,7,1,2
"287",29,7,1,2
"288",30,7,1,2
"289",-1,8,1,2
"290",0,8,1,2
"291",1,8,1,2
"292",2,8,1,2
"293",3,8,1,2
"294",4,8,1,2
"295",5,8,1,2
"296",6,8,1,2
"297",7,8,1,2
"298",8,8,1,2
"299",9,8,1,2
"300",10,8,1,2
"301",11,8,1,2
"302",12,8,1,2
"303",13,8,1,2
"304",14,8,1,2
"305",15,8,1,2
"306",16,8,1,2
"307",17,8,1,2
"308",18,8,1,2
"309",19,8,1,2
"310",20,8,1,2
"311",21,8,1,2
"312",22,8,1,2
"313",23,8,1,2
"314",24,8,1,2
"315",25,8,1,2
"316",26,8,1,2
"317",27,8,1,2
"318",28,8,1,2
"319",29,8,1,2
"320",30,8,1,2
"321",-1,9,1,2
"322",0,9,1,2
"323",1,9,1,2
"324",2,9,1,2
"325",3,9,1,2
"326",4,9,1,2
"327",5,9,1,2
"328",6,9,1,2
"329",7,9,1,2
"330",8,9,1,2
"331",9,9,1,2
"332",10,9,1,2
"333",11,9,1,2
"334",12,9,1,2
"335",13,9,1,2
"336",14,9,1,2
"337",15,9,1,2
"338",16,9,1,2
"339",17,9,1,2
"340",18,9,1,2
"341",19,9,1,2
"342",20,9,1,2
"343",21,9,1,2
"344",22,9,1,2
"345",23,9,1,2
"346",24,9,1,2
"347",25,9,1,2
"348",26,9,1,2
"349",27,9,1,2
"350",28,9,1,2
"351",29,9,1,2
"352",30,9,1,2
"353",-1,10,1,2
"354",0,10,1,2
"355",1,10,1,2
"356",2,10,1,2
"357",3,10,1,2
"358",4,10,1,2
"359",5,10,1,2
"360",6,10,1,2
"361",7,10,1,2
"362",8,10,1,2
"363",9,10,1,2
"364",10,10,1,2
"365",11,10,1,2
"366",12,10,1,2
"367",13,10,1,2
"368",14,10,1,2
"369",15,10,1,2
"370",16,10,1,2
"371",17,10,1,2
"372",18,10,1,2
"373",19,10,1,2
"374",20,10,1,2
"375",21,10,1,2
"376",22,10,1,2
"377",23,10,1,2
"378",24,10,1,2
"379",25,10,1,2
"380",26,10,1,2
"381",27,10,1,2
"382",28,10,1,2
"383",29,10,1,2
"384",30,10,1,2
"385",-1,11,1,2
"386",0,11,1,2
"387",1,11,1,2
"388",2,11,1,2
"389",3,11,1,2
"390",4,11,1,2
"391",5,11,1,2
"392",6,11,1,2
"393",7,11,1,2
"394",8,11,1,2
"395",9,11,1,2
"396",10,11,1,2
"397",11,11,1,2
"398",12,11,1,2
"399",13,11,1,2
"400",14,11,1,2
"401",15,11,1,2
"402",16,11,1,2
"403",17,11,1,2
"404",18,11,1,2
"405",19,11,1,2
"406",20,11,1,2
"407",21,11,1,2
"408",22,11,1,2
"409",23,11,1,2
"410",24,11,1,2
"411",25,11,1,2
"412",26,11,1,2
"413",27,11,1,2
"414",28,11,1,2
"415",29,11,1,2
"416",30,11,1,2
"417",-1,12,1,2
"418",0,12,1,2
"419",1,12,1,2
"420",2,12,1,2
"421",3,12,1,2
"422",4,12,1,2
"423",5,12,1,2
"424",6,12,1,2
"425",7,12,1,2
"426",8,12,1,2
"427",9,12,1,2
"428",10,12,1,2
"429",11,12,1,2
"430",12,12,1,2
"431",13,12,1,2
"432",14,12,1,2
"433",15,12,1,2
"434",16,12,1,2
"435",17,12,1,2
"436",18,12,1,2
"437",19,12,1,2
"438",20,12,1,2
"439",21,12,1,2
"440",22,12,1,2
"441",23,12,1,2
"442",24,12,1,2
"443",25,12,1,2
"444",26,12,1,2
"445",27,12,1,2
"446",28,12,1,2
"447",29,12,1,2
"448",30,12,1,2
"449",-1,13,1,2
"450",0,13,1,2
"451",1,13,1,2
"452",2,13,1,2
"453",3,13,1,2
"454",4,13,1,2
"455",5,13,1,2
"456",6,13,1,2
"457",7,13,1,2
"458",8,13,1,2
"459",9,13,1,2
"460",10,13,1,2
"461",11,13,1,2
"462",12,13,1,2
"463",13,13,1,2
"464",14,13,1,2
"465",15,13,1,2
"466",16,13,1,2
"467",17,13,1,2
"468",18,13,1,2
"469",19,13,1,2
"470",20,13,1,2
"471",21,13,1,2
"472",22,13,1,2
"473",23,13,1,2
"474",24,13,1,2
"475",25,13,1,2
"476",26,13,1,2
"477",27,13,1,2
"478",28,13,1,2
"479",29,13,1,2
"480",30,13,1,2
"481",-1,14,1,2
"482",0,14,1,2
"483",1,14,1,2
"484",2,14,1,2
"485",3,14,1,2
"486",4,14,1,2
"487",5,14,1,2
"488",6,14,1,2
"489",7,14,1,2
"490",8,14,1,2
"491",9,14,1,2
"492",10,14,1,2
"493",11,14,1,2
"494",12,14,1,2
"495",13,14,1,2
"496",14,14,1,2
"497",15,14,1,2
"498",16,14,1,2
"499",17,14,1,2
"500",18,14,1,2
"501",19,14,1,2
"502",20,14,1,2
"503",21,14,1,2
"504",22,14,1,2
"505",23,14,1,2
"506",24,14,1,2
"507",25,14,1,2
"508",26,14,1,2
"509",27,14,1,2
"510",28,14,1,2
"511",29,14,1,2
"512",30,14,1,2
"513",-1,15,1,2
"514",0,15,1,2
"515",1,15,1,2
"516",2,15,1,2
"517",3,15,1,2
"518",4,15,1,2
"519",5,15,1,2
"520",6,15,1,2
"521",7,15,1,2
"522",8,15,1,2
"523",9,15,1,2
"524",10,15,1,2
"525",11,15,1,2
"526",12,15,1,2
"527",13,15,1,2
"528",14,15,1,2
"529",15,15,1,2
"530",16,15,1,2
"531",17,15,1,2
"532",18,15,1,2
"533",19,15,1,2
"534",20,15,1,2
"535",21,15,1,2
"536",22,15,1,2
"537",23,15,1,2
"538",24,15,1,2
"539",25,15,1,2
"540",26,15,1,2
"541",27,15,1,2
"542",28,15,1,2
"543",29,15,1,2
"544",30,15,1,2
"545",-1,16,1,2
"546",0,16,1,2
"547",1,16,1,2
"548",2,16,1,2
"549",3,16,1,2
"550",4,16,1,2
"551",5,16,1,2
"552",6,16,1,2
"553",7,16,1,2
"554",8,16,1,2
"555",9,16,1,2
"556",10,16,1,2
"557",11,16,1,2
"558",12,16,1,2
"559",13,16,1,2
"560",14,16,1,2
"561",15,16,1,2
"562",16,16,1,2
"563",17,16,1,2
"564",18,16,1,2
"565",19,16,1,2
"566",20,16,1,2
"567",21,16,1,2
"568",22,16,1,2
"569",23,16,1,2
"570",24,16,1,2
"571",25,16,1,2
"572",26,16,1,2
"573",27,16,1,2
"574",28,16,1,2
"575",29,16,1,2
"576",30,16,1,2
"577",-1,17,1,2
"578",0,17,1,2
"579",1,17,1,2
"580",2,17,1,2
"581",3,17,1,2
"582",4,17,1,2
"583",5,17,1,2
"584",6,17,1,2
"585",7,17,1,2
"586",8,17,1,2
"587",9,17,1,2
"588",10,17,1,2
"589",11,17,1,2
"590",12,17,1,2
"591",13,17,1,2
"592",14,17,1,2
"593",15,17,1,2
"594",16,17,1,2
"595",17,17,1,2
"596",18,17,1,2
"597",19,17,1,2
"598",20,17,1,2
"599",21,17,1,2
"600",22,17,1,2
"601",23,17,1,2
"602",24,17,1,2
"603",25,17,1,2
"604",26,17,1,2
"605",27,17,1,2
"606",28,17,1,2
"607",29,17,1,2
"608",30,17,1,2
"609",-1,18,1,2
"610",0,18,1,2
"611",1,18,1,2
"612",2,18,1,2
"613",3,18,1,2
"614",4,18,1,2
"615",5,18,1,2
"616",6,18,1,2
"617",7,18,1,2
"618",8,18,1,2
"619",9,18,1,2
"620",10,18,1,2
"621",11,18,1,2
"622",12,18,1,2
"623",13,18,1,2
"624",14,18,1,2
"625",15,18,1,2
"626",16,18,1,2
"627",17,18,1,2
"628",18,18,1,2
"629",19,18,1,2
"630",20,18,1,2
"631",21,18,1,2
"632",22,18,1,2
"633",23,18,1,2
"634",24,18,1,2
"635",25,18,1,2
"636",26,18,1,2
"637",27,18,1,2
"638",28,18,1,2
"639",29,18,1,2
"640",30,18,1,2
"641",-1,19,1,2
"642",0,19,1,2
"643",1,19,1,2
"644",2,19,1,2
"645",3,19,1,2
"646",4,19,1,2
"647",5,19,1,2
"648",6,19,1,2
"649",7,19,1,2
"650",8,19,1,2
"651",9,19,1,2
"652",10,19,1,2
"653",11,19,1,2
"654",12,19,1,2
"655",13,19,1,2
"656",14,19,1,2
"657",15,19,1,2
"658",16,19,1,2
"659",17,19,1,2
"660",18,19,1,2
"661",19,19,1,2
"662",20,19,1,2
"663",21,19,1,2
"664",22,19,1,2
"665",23,19,1,2
"666",24,19,1,2
"667",25,19,1,2
"668",26,19,1,2
"669",27,19,1,2
"670",28,19,1,2
"671",29,19,1,2
"672",30,19,1,2
"673",-1,20,1,2
"674",0,20,1,2
"675",1,20,1,2
"676",2,20,1,2
"677",3,20,1,2
"678",4,20,1,2
"679",5,20,1,2
"680",6,20,1,2
"681",7,20,1,2
"682",8,20,1,2
"683",9,20,1,2
"684",10,20,1,2
"685",11,20,1,2
"686",12,20,1,2
"687",13,20,1,2
"688",14,20,1,2
"689",15,20,1,2
"690",16,20,1,2
"691",17,20,1,2
"692",18,20,1,2
"693",19,20,1,2
"694",20,20,1,2
"695",21,20,1,2
"696",22,20,1,2
"697",23,20,1,2
"698",24,20,1,2
"699",25,20,1,2
"700",26,20,1,2
"701",27,20,1,2
"702",28,20,1,2
"703",29,20,1,2
"704",30,20,1,2
"705",-1,21,1,2
"706",0,21,1,2
"707",1,21,1,2
"708",2,21,1,2
"709",3,21,1,2
"710",4,21,1,2
"711",5,21,1,2
"712",6,21,1,2
"713",7,21,1,2
"714",8,21,1,2
"715",9,21,1,2
"716",10,21,1,2
"717",11,21,1,2
"718",12,21,1,2
"719",13,21,1,2
"720",14,21,1,2
"721",15,21,1,2
"722",16,21,1,2
"723",17,21,1,2
"724",18,21,1,2
"725",19,21,1,2
"726",20,21,1,2
"727",21,21,1,2
"728",22,21,1,2
"729",23,21,1,2
"730",24,21,1,2
"731",25,21,1,2
"732",26,21,1,2
"733",27,21,1,2
"734",28,21,1,2
"735",29,21,1,2
"736",30,21,1,2
"737",-1,22,1,2
"738",0,22,1,2
"739",1,22,1,2
"740",2,22,1,2
"741",3,22,1,2
"742",4,22,1,2
"743",5,22,1,2
"744",6,22,1,2
"745",7,22,1,2
"746",8,22,1,2
"747",9,22,1,2
"748",10,22,1,2
"749",11,22,1,2
"750",12,22,1,2
"751",13,22,1,2
"752",14,22,1,2
"753",15,22,1,2
"754",16,22,1,2
"755",17,22,1,2
"756",18,22,1,2
"757",19,22,1,2
"758",20,22,1,2
"759",21,22,1,2
"760",22,22,1,2
"761",23,22,1,2
"762",24,22,1,2
"763",25,22,1,2
"764",26,22,1,2
"765",27,22,1,2
"766",28,22,1,2
"767",29,22,1,2
"768",30,22,1,2
"769",-1,23,1,2
"770",0,23,1,2
"771",1,23,1,2
"772",2,23,1,2
"773",3,23,1,2
"774",4,23,1,2
"775",5,23,1,2
"776",6,23,1,2
"777",7,23,1,2
"778",8,23,1,2
"779",9,23,1,2
"780",10,23,1,2
"781",11,23,1,2
"782",12,23,1,2
"783",13,23,1,2
"784",14,23,1,2
"785",15,23,1,2
"786",16,23,1,2
"787",17,23,1,2
"788",18,23,1,2
"789",19,23,1,2
"790",20,23,1,2
"791",21,23,1,2
"792",22,23,1,2
"793",23,23,1,2
"794",24,23,1,2
"795",25,23,1,2
"796",26,23,1,2
"797",27,23,1,2
"798",28,23,1,2
"799",29,23,1,2
"800",30,23,1,2
"801",-1,24,1,2
"802",0,24,1,2
"803",1,24,1,2
"804",2,24,1,2
"805",3,24,1,2
"806",4,24,1,2
"807",5,24,1,2
"808",6,24,1,2
"809",7,24,1,2
"810",8,24,1,2
"811",9,24,1,2
"812",10,24,1,2
"813",11,24,1,2
"814",12,24,1,2
"815",13,24,1,2
"816",14,24,1,2
"817",15,24,1,2
"818",16,24,1,2
"819",17,24,1,2
"820",18,24,1,2
"821",19,24,1,2
"822",20,24,1,2
"823",21,24,1,2
"824",22,24,1,2
"825",23,24,1,2
"826",24,24,1,2
"827",25,24,1,2
"828",26,24,1,2
"829",27,24,1,2
"830",28,24,1,2
"831",29,24,1,2
"832",30,24,1,2
"833",-1,25,1,2
"834",0,25,1,2
"835",1,25,1,2
"836",2,25,1,2
"837",3,25,1,2
"838",4,25,1,2
"839",5,25,1,2
"840",6,25,1,2
"841",7,25,1,2
"842",8,25,1,2
"843",9,25,1,2
"844",10,25,1,2
"845",11,25,1,2
"846",12,25,1,2
"847",13,25,1,2
"848",14,25,1,2
"849",15,25,1,2
"850",16,25,1,2
"851",17,25,1,2
"852",18,25,1,2
"853",19,25,1,2
"854",20,25,1,2
"855",21,25,1,2
"856",22,25,1,2
"857",23,25,1,2
"858",24,25,1,2
"859",25,25,1,2
"860",26,25,1,2
"861",27,25,1,2
"862",28,25,1,2
"863",29,25,1,2
"864",30,25,1,2
"865",-1,26,1,2
"866",0,26,1,2
"867",1,26,1,2
"868",2,26,1,2
"869",3,26,1,2
"870",4,26,1,2
"871",5,26,1,2
"872",6,26,1,2
"873",7,26,1,2
"874",8,26,1,2
"875",9,26,1,2
"876",10,26,1,2
"877",11,26,1,2
"878",12,26,1,2
"879",13,26,1,2
"880",14,26,1,2
"881",15,26,1,2
"882",16,26,1,2
"883",17,26,1,2
"884",18,26,1,2
"885",19,26,1,2
"886",20,26,1,2
"887",21,26,1,2
"888",22,26,1,2
"889",23,26,1,2
"890",24,26,1,2
"891",25,26,1,2
"892",26,26,1,2
"893",27,26,1,2
"894",28,26,1,2
"895",29,26,1,2
"896",30,26,1,2
"897",-1,27,1,2
"898",0,27,1,2
"899",1,27,1,2
"900",2,27,1,2
"901",3,27,1,2
"902",4,27,1,2
"903",5,27,1,2
"904",6,27,1,2
"905",7,27,1,2
"906",8,27,1,2
"907",9,27,1,2
"908",10,27,1,2
"909",11,27,1,2
"910",12,27,1,2
"911",13,27,1,2
"912",14,27,1,2
"913",15,27,1,2
"914",16,27,1,2
"915",17,27,1,2
"916",18,27,1,2
"917",19,27,1,2
"918",20,27,1,2
"919",21,27,1,2
"920",22,27,1,2
"921",23,27,1,2
"922",24,27,1,2
"923",25,27,1,2
"924",26,27,1,2
"925",27,27,1,2
"926",28,27,1,2
"927",29,27,1,2
"928",30,27,1,2
"929",-1,28,1,2
"930",0,28,1,2
"931",1,28,1,2
"932",2,28,1,2
"933",3,28,1,2
"934",4,28,1,2
"935",5,28,1,2
"936",6,28,1,2
"937",7,28,1,2
"938",8,28,1,2
"939",9,28,1,2
"940",10,28,1,2
"941",11,28,1,2
"942",12,28,1,2
"943",13,28,1,2
"944",14,28,1,2
"945",15,28,1,2
"946",16,28,1,2
"947",17,28,1,2
"948",18,28,1,2
"949",19,28,1,2
"950",20,28,1,2
"951",21,28,1,2
"952",22,28,1,2
"953",23,28,1,2
"954",24,28,1,2
"955",25,28,1,2
"956",26,28,1,2
"957",27,28,1,2
"958",28,28,1,2
"959",29,28,1,2
"960",30,28,1,2
"961",-1,29,1,2
"962",0,29,1,2
"963",1,29,1,2
"964",2,29,1,2
"965",3,29,1,2
"966",4,29,1,2
"967",5,29,1,2
"968",6,29,1,2
"969",7,29,1,2
"970",8,29,1,2
"971",9,29,1,2
"972",10,29,1,2
"973",11,29,1,2
"974",12,29,1,2
"975",13,29,1,2
"976",14,29,1,2
"977",15,29,1,2
"978",16,29,1,2
"979",17,29,1,2
"980",18,29,1,2
"981",19,29,1,2
"982",20,29,1,2
"983",21,29,1,2
"984",22,29,1,2
"985",23,29,1,2
"986",24,29,1,2
"987",25,29,1,2
"988",26,29,1,2
"989",27,29,1,2
"990",28,29,1,2
"991",29,29,1,2
"992",30,29,1,2
"993",-1,30,1,2
"994",0,30,1,2
"995",1,30,1,2
"996",2,30,1,2
"997",3,30,1,2
"998",4,30,1,2
"999",5,30,1,2
"1000",6,30,1,2
"1001",7,30,1,2
"1002",8,30,1,2
"1003",9,30,1,2
"1004",10,30,1,2
"1005",11,30,1,2
"1006",12,30,1,2
"1007",13,30,1,2
"1008",14,30,1,2
"1009",15,30,1,2
"1010",16,30,1,2
"1011",17,30,1,2
"1012",18,30,1,2
"1013",19,30,1,2
"1014",20,30,1,2
"1015",21,30,1,2
"1016",22,30,1,2
"1017",23,30,1,2
"1018",24,30,1,2
"1019",25,30,1,2
"1020",26,30,1,2
"1021",27,30,1,2
"1022",28,30,1,2
"1023",29,30,1,2
"1024",30,30,1,2
"1025",-1,-1,1,3
"1026",0,-1,1,3
"1027",1,-1,1,3
"1028",2,-1,1,3
"1029",3,-1,1,3
"1030",4,-1,1,3
"1031",5,-1,1,3
"1032",6,-1,1,3
"1033",7,-1,1,3
"1034",8,-1,1,3
"1035",9,-1,1,3
"1036",10,-1,1,3
"1037",11,-1,1,3
"1038",12,-1,1,3
"1039",13,-1,1,3
"1040",14,-1,1,3
"1041",15,-1,1,3
"1042",16,-1,1,3
"1043",17,-1,1,3
"1044",18,-1,1,3
"1045",19,-1,1,3
"1046",20,-1,1,3
"1047",21,-1,1,3
"1048",22,-1,1,3
"1049",23,-1,1,3
"1050",24,-1,1,3
"1051",25,-1,1,3
"1052",26,-1,1,3
"1053",27,-1,1,3
"1054",28,-1,1,3
"1055",29,-1,1,3
"1056",30,-1,1,3
"1057",-1,0,1,3
"1058",0,0,1,3
"1059",1,0,1,3
"1060",2,0,1,3
"1061",3,0,1,3
"1062",4,0,1,3
"1063",5,0,1,3
"1064",6,0,1,3
"1065",7,0,1,3
"1066",8,0,1,3
"1067",9,0,1,3
"1068",10,0,1,3
"1069",11,0,1,3
"1070",12,0,1,3
"1071",13,0,1,3
"1072",14,0,1,3
"1073",15,0,1,3
"1074",16,0,1,3
"1075",17,0,1,3
"1076",18,0,1,3
"1077",19,0,1,3
"1078",20,0,1,3
"1079",21,0,1,3
"1080",22,0,1,3
"1081",23,0,1,3
"1082",24,0,1,3
"1083",25,0,1,3
"1084",26,0,1,3
"1085",27,0,1,3
"1086",28,0,1,3
"1087",29,0,1,3
"1088",30,0,1,3
"1089",-1,1,1,3
"1090",0,1,1,3
"1091",1,1,1,3
"1092",2,1,1,3
"1093",3,1,1,3
"1094",4,1,1,3
"1095",5,1,1,3
"1096",6,1,1,3
"1097",7,1,1,3
"1098",8,1,1,3
"1099",9,1,1,3
"1100",10,1,1,3
"1101",11,1,1,3
"1102",12,1,1,3
"1103",13,1,1,3
"1104",14,1,1,3
"1105",15,1,1,3
"1106",16,1,1,3
"1107",17,1,1,3
"1108",18,1,1,3
"1109",19,1,1,3
"1110",20,1,1,3
"1111",21,1,1,3
"1112",22,1,1,3
"1113",23,1,1,3
"1114",24,1,1,3
"1115",25,1,1,3
"1116",26,1,1,3
"1117",27,1,1,3
"1118",28,1,1,3
"1119",29,1,1,3
"1120",30,1,1,3
"1121",-1,2,1,3
"1122",0,2,1,3
"1123",1,2,1,3
"1124",2,2,1,3
"1125",3,2,1,3
"1126",4,2,1,3
"1127",5,2,1,3
"1128",6,2,1,3
"1129",7,2,1,3
"1130",8,2,1,3
"1131",9,2,1,3
"1132",10,2,1,3
"1133",11,2,1,3
"1134",12,2,1,3
"1135",13,2,1,3
"1136",14,2,1,3
"1137",15,2,1,3
"1138",16,2,1,3
"1139",17,2,1,3
"1140",18,2,1,3
"1141",19,2,1,3
"1142",20,2,1,3
"1143",21,2,1,3
"1144",22,2,1,3
"1145",23,2,1,3
"1146",24,2,1,3
"1147",25,2,1,3
"1148",26,2,1,3
"1149",27,2,1,3
"1150",28,2,1,3
"1151",29,2,1,3
"1152",30,2,1,3
"1153",-1,3,1,3
"1154",0,3,1,3
"1155",1,3,1,3
"1156",2,3,1,3
"1157",3,3,1,3
"1158",4,3,1,3
"1159",5,3,1,3
"1160",6,3,1,3
"1161",7,3,1,3
"1162",8,3,1,3
"1163",9,3,1,3
"1164",10,3,1,3
"1165",11,3,1,3
"1166",12,3,1,3
"1167",13,3,1,3
"1168",14,3,1,3
"1169",15,3,1,3
"1170",16,3,1,3
"1171",17,3,1,3
"1172",18,3,1,3
"1173",19,3,1,3
"1174",20,3,1,3
"1175",21,3,1,3
"1176",22,3,1,3
"1177",23,3,1,3
"1178",24,3,1,3
"1179",25,3,1,3
"1180",26,3,1,3
"1181",27,3,1,3
"1182",28,3,1,3
"1183",29,3,1,3
"1184",30,3,1,3
"1185",-1,4,1,3
"1186",0,4,1,3
"1187",1,4,1,3
"1188",2,4,1,3
"1189",3,4,1,3
"1190",4,4,1,3
"1191",5,4,1,3
"1192",6,4,1,3
"1193",7,4,1,3
"1194",8,4,1,3
"1195",9,4,1,3
"1196",10,4,1,3
"1197",11,4,1,3
"1198",12,4,1,3
"1199",13,4,1,3
"1200",14,4,1,3
"1201",15,4,1,3
"1202",16,4,1,3
"1203",17,4,1,3
"1204",18,4,1,3
"1205",19,4,1,3
"1206",20,4,1,3
"1207",21,4,1,3
"1208",22,4,1,3
"1209",23,4,1,3
"1210",24,4,1,3
"1211",25,4,1,3
"1212",26,4,1,3
"1213",27,4,1,3
"1214",28,4,1,3
"1215",29,4,1,3
"1216",30,4,1,3
"1217",-1,5,1,3
"1218",0,5,1,3
"1219",1,5,1,3
"1220",2,5,1,3
"1221",3,5,1,3
"1222",4,5,1,3
"1223",5,5,1,3
"1224",6,5,1,3
"1225",7,5,1,3
"1226",8,5,1,3
"1227",9,5,1,3
"1228",10,5,1,3
"1229",11,5,1,3
"1230",12,5,1,3
"1231",13,5,1,3
"1232",14,5,1,3
"1233",15,5,1,3
"1234",16,5,1,3
"1235",17,5,1,3
"1236",18,5,1,3
"1237",19,5,1,3
"1238",20,5,1,3
"1239",21,5,1,3
"1240",22,5,1,3
"1241",23,5,1,3
"1242",24,5,1,3
"1243",25,5,1,3
"1244",26,5,1,3
"1245",27,5,1,3
"1246",28,5,1,3
"1247",29,5,1,3
"1248",30,5,1,3
"1249",-1,6,1,3
"1250",0,6,1,3
"1251",1,6,1,3
"1252",2,6,1,3
"1253",3,6,1,3
"1254",4,6,1,3
"1255",5,6,1,3
"1256",6,6,1,3
"1257",7,6,1,3
"1258",8,6,1,3
"1259",9,6,1,3
"1260",10,6,1,3
"1261",11,6,1,3
"1262",12,6,1,3
"1263",13,6,1,3
"1264",14,6,1,3
"1265",15,6,1,3
"1266",16,6,1,3
"1267",17,6,1,3
"1268",18,6,1,3
"1269",19,6,1,3
"1270",20,6,1,3
"1271",21,6,1,3
"1272",22,6,1,3
"1273",23,6,1,3
"1274",24,6,1,3
"1275",25,6,1,3
"1276",26,6,1,3
"1277",27,6,1,3
"1278",28,6,1,3
"1279",29,6,1,3
"1280",30,6,1,3
"1281",-1,7,1,3
"1282",0,7,1,3
"1283",1,7,1,3
"1284",2,7,1,3
"1285",3,7,1,3
"1286",4,7,1,3
"1287",5,7,1,3
"1288",6,7,1,3
"1289",7,7,1,3
"1290",8,7,1,3
"1291",9,7,1,3
"1292",10,7,1,3
"1293",11,7,1,3
"1294",12,7,1,3
"1295",13,7,1,3
"1296",14,7,1,3
"1297",15,7,1,3
"1298",16,7,1,3
"1299",17,7,1,3
"1300",18,7,1,3
"1301",19,7,1,3
"1302",20,7,1,3
"1303",21,7,1,3
"1304",22,7,1,3
"1305",23,7,1,3
"1306",24,7,1,3
"1307",25,7,1,3
"1308",26,7,1,3
"1309",27,7,1,3
"1310",28,7,1,3
"1311",29,7,1,3
"1312",30,7,1,3
"1313",-1,8,1,3
"1314",0,8,1,3
"1315",1,8,1,3
"1316",2,8,1,3
"1317",3,8,1,3
"1318",4,8,1,3
"1319",5,8,1,3
"1320",6,8,1,3
"1321",7,8,1,3
"1322",8,8,1,3
"1323",9,8,1,3
"1324",10,8,1,3
"1325",11,8,1,3
"1326",12,8,1,3
"1327",13,8,1,3
"1328",14,8,1,3
"1329",15,8,1,3
"1330",16,8,1,3
"1331",17,8,1,3
"1332",18,8,1,3
"1333",19,8,1,3
"1334",20,8,1,3
"1335",21,8,1,3
"1336",22,8,1,3
"1337",23,8,1,3
"1338",24,8,1,3
"1339",25,8,1,3
"1340",26,8,1,3
"1341",27,8,1,3
"1342",28,8,1,3
"1343",29,8,1,3
"1344",30,8,1,3
"1345",-1,9,1,3
"1346",0,9,1,3
"1347",1,9,1,3
"1348",2,9,1,3
"1349",3,9,1,3
"1350",4,9,1,3
"1351",5,9,1,3
"1352",6,9,1,3
"1353",7,9,1,3
"1354",8,9,1,3
"1355",9,9,1,3
"1356",10,9,1,3
"1357",11,9,1,3
"1358",12,9,1,3
"1359",13,9,1,3
"1360",14,9,1,3
"1361",15,9,1,3
"1362",16,9,1,3
"1363",17,9,1,3
"1364",18,9,1,3
"1365",19,9,1,3
"1366",20,9,1,3
"1367",21,9,1,3
"1368",22,9,1,3
"1369",23,9,1,3
"1370",24,9,1,3
"1371",25,9,1,3
"1372",26,9,1,3
"1373",27,9,1,3
"1374",28,9,1,3
"1375",29,9,1,3
"1376",30,9,1,3
"1377",-1,10,1,3
"1378",0,10,1,3
"1379",1,10,1,3
"1380",2,10,1,3
"1381",3,10,1,3
"1382",4,10,1,3
"1383",5,10,1,3
"1384",6,10,1,3
"1385",7,10,1,3
"1386",8,10,1,3
"1387",9,10,1,3
"1388",10,10,1,3
"1389",11,10,1,3
"1390",12,10,1,3
"1391",13,10,1,3
"1392",14,10,1,3
"1393",15,10,1,3
"1394",16,10,1,3
"1395",17,10,1,3
"1396",18,10,1,3
"1397",19,10,1,3
"1398",20,10,1,3
"1399",21,10,1,3
"1400",22,10,1,3
"1401",23,10,1,3
"1402",24,10,1,3
"1403",25,10,1,3
"1404",26,10,1,3
"1405",27,10,1,3
"1406",28,10,1,3
"1407",29,10,1,3
"1408",30,10,1,3
"1409",-1,11,1,3
"1410",0,11,1,3
"1411",1,11,1,3
"1412",2,11,1,3
"1413",3,11,1,3
"1414",4,11,1,3
"1415",5,11,1,3
"1416",6,11,1,3
"1417",7,11,1,3
"1418",8,11,1,3
"1419",9,11,1,3
"1420",10,11,1,3
"1421",11,11,1,3
"1422",12,11,1,3
"1423",13,11,1,3
"1424",14,11,1,3
"1425",15,11,1,3
"1426",16,11,1,3
"1427",17,11,1,3
"1428",18,11,1,3
"1429",19,11,1,3
"1430",20,11,1,3
"1431",21,11,1,3
"1432",22,11,1,3
"1433",23,11,1,3
"1434",24,11,1,3
"1435",25,11,1,3
"1436",26,11,1,3
"1437",27,11,1,3
"1438",28,11,1,3
"1439",29,11,1,3
"1440",30,11,1,3
"1441",-1,12,1,3
"1442",0,12,1,3
"1443",1,12,1,3
"1444",2,12,1,3
"1445",3,12,1,3
"1446",4,12,1,3
"1447",5,12,1,3
"1448",6,12,1,3
"1449",7,12,1,3
"1450",8,12,1,3
"1451",9,12,1,3
"1452",10,12,1,3
"1453",11,12,1,3
"1454",12,12,1,3
"1455",13,12,1,3
"1456",14,12,1,3
"1457",15,12,1,3
"1458",16,12,1,3
"1459",17,12,1,3
"1460",18,12,1,3
"1461",19,12,1,3
"1462",20,12,1,3
"1463",21,12,1,3
"1464",22,12,1,3
"1465",23,12,1,3
"1466",24,12,1,3
"1467",25,12,1,3
"1468",26,12,1,3
"1469",27,12,1,3
"1470",28,12,1,3
"1471",29,12,1,3
"1472",30,12,1,3
"1473",-1,13,1,3
"1474",0,13,1,3
"1475",1,13,1,3
"1476",2,13,1,3
"1477",3,13,1,3
"1478",4,13,1,3
"1479",5,13,1,3
"1480",6,13,1,3
"1481",7,13,1,3
"1482",8,13,1,3
"1483",9,13,1,3
"1484",10,13,1,3
"1485",11,13,1,3
"1486",12,13,1,3
"1487",13,13,1,3
"1488",14,13,1,3
"1489",15,13,1,3
"1490",16,13,1,3
"1491",17,13,1,3
"1492",18,13,1,3
"1493",19,13,1,3
"1494",20,13,1,3
"1495",21,13,1,3
"1496",22,13,1,3
"1497",23,13,1,3
"1498",24,13,1,3
"1499",25,13,1,3
"1500",26,13,1,3
"1501",27,13,1,3
"1502",28,13,1,3
"1503",29,13,1,3
"1504",30,13,1,3
"1505",-1,14,1,3
"1506",0,14,1,3
"1507",1,14,1,3
"1508",2,14,1,3
"1509",3,14,1,3
"1510",4,14,1,3
"1511",5,14,1,3
"1512",6,14,1,3
"1513",7,14,1,3
"1514",8,14,1,3
"1515",9,14,1,3
"1516",10,14,1,3
"1517",11,14,1,3
"1518",12,14,1,3
"1519",13,14,1,3
"1520",14,14,1,3
"1521",15,14,1,3
"1522",16,14,1,3
"1523",17,14,1,3
"1524",18,14,1,3
"1525",19,14,1,3
"1526",20,14,1,3
"1527",21,14,1,3
"1528",22,14,1,3
"1529",23,14,1,3
"1530",24,14,1,3
"1531",25,14,1,3
"1532",26,14,1,3
"1533",27,14,1,3
"1534",28,14,1,3
"1535",29,14,1,3
"1536",30,14,1,3
"1537",-1,15,1,3
"1538",0,15,1,3
"1539",1,15,1,3
"1540",2,15,1,3
"1541",3,15,1,3
"1542",4,15,1,3
"1543",5,15,1,3
"1544",6,15,1,3
"1545",7,15,1,3
"1546",8,15,1,3
"1547",9,15,1,3
"1548",10,15,1,3
"1549",11,15,1,3
"1550",12,15,1,3
"1551",13,15,1,3
"1552",14,15,1,3
"1553",15,15,1,3
"1554",16,15,1,3
"1555",17,15,1,3
"1556",18,15,1,3
"1557",19,15,1,3
"1558",20,15,1,3
"1559",21,15,1,3
"1560",22,15,1,3
"1561",23,15,1,3
"1562",24,15,1,3
"1563",25,15,1,3
"1564",26,15,1,3
"1565",27,15,1,3
"1566",28,15,1,3
"1567",29,15,1,3
"1568",30,15,1,3
"1569",-1,16,1,3
"1570",0,16,1,3
"1571",1,16,1,3
"1572",2,16,1,3
"1573",3,16,1,3
"1574",4,16,1,3
"1575",5,16,1,3
"1576",6,16,1,3
"1577",7,16,1,3
"1578",8,16,1,3
"1579",9,16,1,3
"1580",10,16,1,3
"1581",11,16,1,3
"1582",12,16,1,3
"1583",13,16,1,3
"1584",14,16,1,3
"1585",15,16,1,3
"1586",16,16,1,3
"1587",17,16,1,3
"1588",18,16,1,3
"1589",19,16,1,3
"1590",20,16,1,3
"1591",21,16,1,3
"1592",22,16,1,3
"1593",23,16,1,3
"1594",24,16,1,3
"1595",25,16,1,3
"1596",26,16,1,3
"1597",27,16,1,3
"1598",28,16,1,3
"1599",29,16,1,3
"1600",30,16,1,3
"1601",-1,17,1,3
"1602",0,17,1,3
"1603",1,17,1,3
"1604",2,17,1,3
"1605",3,17,1,3
"1606",4,17,1,3
"1607",5,17,1,3
"1608",6,17,1,3
"1609",7,17,1,3
"1610",8,17,1,3
"1611",9,17,1,3
"1612",10,17,1,3
"1613",11,17,1,3
"1614",12,17,1,3
"1615",13,17,1,3
"1616",14,17,1,3
"1617",15,17,1,3
"1618",16,17,1,3
"1619",17,17,1,3
"1620",18,17,1,3
"1621",19,17,1,3
"1622",20,17,1,3
"1623",21,17,1,3
"1624",22,17,1,3
"1625",23,17,1,3
"1626",24,17,1,3
"1627",25,17,1,3
"1628",26,17,1,3
"1629",27,17,1,3
"1630",28,17,1,3
"1631",29,17,1,3
"1632",30,17,1,3
"1633",-1,18,1,3
"1634",0,18,1,3
"1635",1,18,1,3
"1636",2,18,1,3
"1637",3,18,1,3
"1638",4,18,1,3
"1639",5,18,1,3
"1640",6,18,1,3
"1641",7,18,1,3
"1642",8,18,1,3
"1643",9,18,1,3
"1644",10,18,1,3
"1645",11,18,1,3
"1646",12,18,1,3
"1647",13,18,1,3
"1648",14,18,1,3
"1649",15,18,1,3
"1650",16,18,1,3
"1651",17,18,1,3
"1652",18,18,1,3
"1653",19,18,1,3
"1654",20,18,1,3
"1655",21,18,1,3
"1656",22,18,1,3
"1657",23,18,1,3
"1658",24,18,1,3
"1659",25,18,1,3
"1660",26,18,1,3
"1661",27,18,1,3
"1662",28,18,1,3
"1663",29,18,1,3
"1664",30,18,1,3
"1665",-1,19,1,3
"1666",0,19,1,3
"1667",1,19,1,3
"1668",2,19,1,3
"1669",3,19,1,3
"1670",4,19,1,3
"1671",5,19,1,3
"1672",6,19,1,3
"1673",7,19,1,3
"1674",8,19,1,3
"1675",9,19,1,3
"1676",10,19,1,3
"1677",11,19,1,3
"1678",12,19,1,3
"1679",13,19,1,3
"1680",14,19,1,3
"1681",15,19,1,3
"1682",16,19,1,3
"1683",17,19,1,3
"1684",18,19,1,3
"1685",19,19,1,3
"1686",20,19,1,3
"1687",21,19,1,3
"1688",22,19,1,3
"1689",23,19,1,3
"1690",24,19,1,3
"1691",25,19,1,3
"1692",26,19,1,3
"1693",27,19,1,3
"1694",28,19,1,3
"1695",29,19,1,3
"1696",30,19,1,3
"1697",-1,20,1,3
"1698",0,20,1,3
"1699",1,20,1,3
"1700",2,20,1,3
"1701",3,20,1,3
"1702",4,20,1,3
"1703",5,20,1,3
"1704",6,20,1,3
"1705",7,20,1,3
"1706",8,20,1,3
"1707",9,20,1,3
"1708",10,20,1,3
"1709",11,20,1,3
"1710",12,20,1,3
"1711",13,20,1,3
"1712",14,20,1,3
"1713",15,20,1,3
"1714",16,20,1,3
"1715",17,20,1,3
"1716",18,20,1,3
"1717",19,20,1,3
"1718",20,20,1,3
"1719",21,20,1,3
"1720",22,20,1,3
"1721",23,20,1,3
"1722",24,20,1,3
"1723",25,20,1,3
"1724",26,20,1,3
"1725",27,20,1,3
"1726",28,20,1,3
"1727",29,20,1,3
"1728",30,20,1,3
"1729",-1,21,1,3
"1730",0,21,1,3
"1731",1,21,1,3
"1732",2,21,1,3
"1733",3,21,1,3
"1734",4,21,1,3
"1735",5,21,1,3
"1736",6,21,1,3
"1737",7,21,1,3
"1738",8,21,1,3
"1739",9,21,1,3
"1740",10,21,1,3
"1741",11,21,1,3
"1742",12,21,1,3
"1743",13,21,1,3
"1744",14,21,1,3
"1745",15,21,1,3
"1746",16,21,1,3
"1747",17,21,1,3
"1748",18,21,1,3
"1749",19,21,1,3
"1750",20,21,1,3
"1751",21,21,1,3
"1752",22,21,1,3
"1753",23,21,1,3
"1754",24,21,1,3
"1755",25,21,1,3
"1756",26,21,1,3
"1757",27,21,1,3
"1758",28,21,1,3
"1759",29,21,1,3
"1760",30,21,1,3
"1761",-1,22,1,3
"1762",0,22,1,3
"1763",1,22,1,3
"1764",2,22,1,3
"1765",3,22,1,3
"1766",4,22,1,3
"1767",5,22,1,3
"1768",6,22,1,3
"1769",7,22,1,3
"1770",8,22,1,3
"1771",9,22,1,3
"1772",10,22,1,3
"1773",11,22,1,3
"1774",12,22,1,3
"1775",13,22,1,3
"1776",14,22,1,3
"1777",15,22,1,3
"1778",16,22,1,3
"1779",17,22,1,3
"1780",18,22,1,3
"1781",19,22,1,3
"1782",20,22,1,3
"1783",21,22,1,3
"1784",22,22,1,3
"1785",23,22,1,3
"1786",24,22,1,3
"1787",25,22,1,3
"1788",26,22,1,3
"1789",27,22,1,3
"1790",28,22,1,3
"1791",29,22,1,3
"1792",30,22,1,3
"1793",-1,23,1,3
"1794",0,23,1,3
"1795",1,23,1,3
"1796",2,23,1,3
"1797",3,23,1,3
"1798",4,23,1,3
"1799",5,23,1,3
"1800",6,23,1,3
"1801",7,23,1,3
"1802",8,23,1,3
"1803",9,23,1,3
"1804",10,23,1,3
"1805",11,23,1,3
"1806",12,23,1,3
"1807",13,23,1,3
"1808",14,23,1,3
"1809",15,23,1,3
"1810",16,23,1,3
"1811",17,23,1,3
"1812",18,23,1,3
"1813",19,23,1,3
"1814",20,23,1,3
"1815",21,23,1,3
"1816",22,23,1,3
"1817",23,23,1,3
"1818",24,23,1,3
"1819",25,23,1,3
"1820",26,23,1,3
"1821",27,23,1,3
"1822",28,23,1,3
"1823",29,23,1,3
"1824",30,23,1,3
"1825",-1,24,1,3
"1826",0,24,1,3
"1827",1,24,1,3
"1828",2,24,1,3
"1829",3,24,1,3
"1830",4,24,1,3
"1831",5,24,1,3
"1832",6,24,1,3
"1833",7,24,1,3
"1834",8,24,1,3
"1835",9,24,1,3
"1836",10,24,1,3
"1837",11,24,1,3
"1838",12,24,1,3
"1839",13,24,1,3
"1840",14,24,1,3
"1841",15,24,1,3
"1842",16,24,1,3
"1843",17,24,1,3
"1844",18,24,1,3
"1845",19,24,1,3
"1846",20,24,1,3
"1847",21,24,1,3
"1848",22,24,1,3
"1849",23,24,1,3
"1850",24,24,1,3
"1851",25,24,1,3
"1852",26,24,1,3
"1853",27,24,1,3
"1854",28,24,1,3
"1855",29,24,1,3
"1856",30,24,1,3
"1857",-1,25,1,3
"1858",0,25,1,3
"1859",1,25,1,3
"1860",2,25,1,3
"1861",3,25,1,3
"1862",4,25,1,3
"1863",5,25,1,3
"1864",6,25,1,3
"1865",7,25,1,3
"1866",8,25,1,3
"1867",9,25,1,3
"1868",10,25,1,3
"1869",11,25,1,3
"1870",12,25,1,3
"1871",13,25,1,3
"1872",14,25,1,3
"1873",15,25,1,3
"1874",16,25,1,3
"1875",17,25,1,3
"1876",18,25,1,3
"1877",19,25,1,3
"1878",20,25,1,3
"1879",21,25,1,3
"1880",22,25,1,3
"1881",23,25,1,3
"1882",24,25,1,3
"1883",25,25,1,3
"1884",26,25,1,3
"1885",27,25,1,3
"1886",28,25,1,3
"1887",29,25,1,3
"1888",30,25,1,3
"1889",-1,26,1,3
"1890",0,26,1,3
"1891",1,26,1,3
"1892",2,26,1,3
"1893",3,26,1,3
"1894",4,26,1,3
"1895",5,26,1,3
"1896",6,26,1,3
"1897",7,26,1,3
"1898",8,26,1,3
"1899",9,26,1,3
"1900",10,26,1,3
"1901",11,26,1,3
"1902",12,26,1,3
"1903",13,26,1,3
"1904",14,26,1,3
"1905",15,26,1,3
"1906",16,26,1,3
"1907",17,26,1,3
"1908",18,26,1,3
"1909",19,26,1,3
"1910",20,26,1,3
"1911",21,26,1,3
"1912",22,26,1,3
"1913",23,26,1,3
"1914",24,26,1,3
"1915",25,26,1,3
"1916",26,26,1,3
"1917",27,26,1,3
"1918",28,26,1,3
"1919",29,26,1,3
"1920",30,26,1,3
"1921",-1,27,1,3
"1922",0,27,1,3
"1923",1,27,1,3
"1924",2,27,1,3
"1925",3,27,1,3
"1926",4,27,1,3
"1927",5,27,1,3
"1928",6,27,1,3
"1929",7,27,1,3
"1930",8,27,1,3
"1931",9,27,1,3
"1932",10,27,1,3
"1933",11,27,1,3
"1934",12,27,1,3
"1935",13,27,1,3
"1936",14,27,1,3
"1937",15,27,1,3
"1938",16,27,1,3
"1939",17,27,1,3
"1940",18,27,1,3
"1941",19,27,1,3
"1942",20,27,1,3
"1943",21,27,1,3
"1944",22,27,1,3
"1945",23,27,1,3
"1946",24,27,1,3
"1947",25,27,1,3
"1948",26,27,1,3
"1949",27,27,1,3
"1950",28,27,1,3
"1951",29,27,1,3
"1952",30,27,1,3
"1953",-1,28,1,3
"1954",0,28,1,3
"1955",1,28,1,3
"1956",2,28,1,3
"1957",3,28,1,3
"1958",4,28,1,3
"1959",5,28,1,3
"1960",6,28,1,3
"1961",7,28,1,3
"1962",8,28,1,3
"1963",9,28,1,3
"1964",10,28,1,3
"1965",11,28,1,3
"1966",12,28,1,3
"1967",13,28,1,3
"1968",14,28,1,3
"1969",15,28,1,3
"1970",16,28,1,3
"1971",17,28,1,3
"1972",18,28,1,3
"1973",19,28,1,3
"1974",20,28,1,3
"1975",21,28,1,3
"1976",22,28,1,3
"1977",23,28,1,3
"1978",24,28,1,3
"1979",25,28,1,3
"1980",26,28,1,3
"1981",27,28,1,3
"1982",28,28,1,3
"1983",29,28,1,3
"1984",30,28,1,3
"1985",-1,29,1,3
"1986",0,29,1,3
"1987",1,29,1,3
"1988",2,29,1,3
"1989",3,29,1,3
"1990",4,29,1,3
"1991",5,29,1,3
"1992",6,29,1,3
"1993",7,29,1,3
"1994",8,29,1,3
"1995",9,29,1,3
"1996",10,29,1,3
"1997",11,29,1,3
"1998",12,29,1,3
"1999",13,29,1,3
"2000",14,29,1,3
"2001",15,29,1,3
"2002",16,29,1,3
"2003",17,29,1,3
"2004",18,29,1,3
"2005",19,29,1,3
"2006",20,29,1,3
"2007",21,29,1,3
"2008",22,29,1,3
"2009",23,29,1,3
"2010",24,29,1,3
"2011",25,29,1,3
"2012",26,29,1,3
"2013",27,29,1,3
"2014",28,29,1,3
"2015",29,29,1,3
"2016",30,29,1,3
"2017",-1,30,1,3
"2018",0,30,1,3
"2019",1,30,1,3
"2020",2,30,1,3
"2021",3,30,1,3
"2022",4,30,1,3
"2023",5,30,1,3
"2024",6,30,1,3
"2025",7,30,1,3
"2026",8,30,1,3
"2027",9,30,1,3
"2028",10,30,1,3
"2029",11,30,1,3
"2030",12,30,1,3
"2031",13,30,1,3
"2032",14,30,1,3
"2033",15,30,1,3
"2034",16,30,1,3
"2035",17,30,1,3
"2036",18,30,1,3
"2037",19,30,1,3
"2038",20,30,1,3
"2039",21,30,1,3
"2040",22,30,1,3
"2041",23,30,1,3
"2042",24,30,1,3
"2043",25,30,1,3
"2044",26,30,1,3
"2045",27,30,1,3
"2046",28,30,1,3
"2047",29,30,1,3
"2048",30,30,1,3
"2049",-1,-1,2,3
"2050",0,-1,2,3
"2051",1,-1,2,3
"2052",2,-1,2,3
"2053",3,-1,2,3
"2054",4,-1,2,3
"2055",5,-1,2,3
"2056",6,-1,2,3
"2057",7,-1,2,3
"2058",8,-1,2,3
"2059",9,-1,2,3
"2060",10,-1,2,3
"2061",11,-1,2,3
"2062",12,-1,2,3
"2063",13,-1,2,3
"2064",14,-1,2,3
"2065",15,-1,2,3
"2066",16,-1,2,3
"2067",17,-1,2,3
"2068",18,-1,2,3
"2069",19,-1,2,3
"2070",20,-1,2,3
"2071",21,-1,2,3
"2072",22,-1,2,3
"2073",23,-1,2,3
"2074",24,-1,2,3
"2075",25,-1,2,3
"2076",26,-1,2,3
"2077",27,-1,2,3
"2078",28,-1,2,3
"2079",29,-1,2,3
"2080",30,-1,2,3
"2081",-1,0,2,3
"2082",0,0,2,3
"2083",1,0,2,3
"2084",2,0,2,3
"2085",3,0,2,3
"2086",4,0,2,3
"2087",5,0,2,3
"2088",6,0,2,3
"2089",7,0,2,3
"2090",8,0,2,3
"2091",9,0,2,3
"2092",10,0,2,3
"2093",11,0,2,3
"2094",12,0,2,3
"2095",13,0,2,3
"2096",14,0,2,3
"2097",15,0,2,3
"2098",16,0,2,3
"2099",17,0,2,3
"2100",18,0,2,3
"2101",19,0,2,3
"2102",20,0,2,3
"2103",21,0,2,3
"2104",22,0,2,3
"2105",23,0,2,3
"2106",24,0,2,3
"2107",25,0,2,3
"2108",26,0,2,3
"2109",27,0,2,3
"2110",28,0,2,3
"2111",29,0,2,3
"2112",30,0,2,3
"2113",-1,1,2,3
"2114",0,1,2,3
"2115",1,1,2,3
"2116",2,1,2,3
"2117",3,1,2,3
"2118",4,1,2,3
"2119",5,1,2,3
"2120",6,1,2,3
"2121",7,1,2,3
"2122",8,1,2,3
"2123",9,1,2,3
"2124",10,1,2,3
"2125",11,1,2,3
"2126",12,1,2,3
"2127",13,1,2,3
"2128",14,1,2,3
"2129",15,1,2,3
"2130",16,1,2,3
"2131",17,1,2,3
"2132",18,1,2,3
"2133",19,1,2,3
"2134",20,1,2,3
"2135",21,1,2,3
"2136",22,1,2,3
"2137",23,1,2,3
"2138",24,1,2,3
"2139",25,1,2,3
"2140",26,1,2,3
"2141",27,1,2,3
"2142",28,1,2,3
"2143",29,1,2,3
"2144",30,1,2,3
"2145",-1,2,2,3
"2146",0,2,2,3
"2147",1,2,2,3
"2148",2,2,2,3
"2149",3,2,2,3
"2150",4,2,2,3
"2151",5,2,2,3
"2152",6,2,2,3
"2153",7,2,2,3
"2154",8,2,2,3
"2155",9,2,2,3
"2156",10,2,2,3
"2157",11,2,2,3
"2158",12,2,2,3
"2159",13,2,2,3
"2160",14,2,2,3
"2161",15,2,2,3
"2162",16,2,2,3
"2163",17,2,2,3
"2164",18,2,2,3
"2165",19,2,2,3
"2166",20,2,2,3
"2167",21,2,2,3
"2168",22,2,2,3
"2169",23,2,2,3
"2170",24,2,2,3
"2171",25,2,2,3
"2172",26,2,2,3
"2173",27,2,2,3
"2174",28,2,2,3
"2175",29,2,2,3
"2176",30,2,2,3
"2177",-1,3,2,3
"2178",0,3,2,3
"2179",1,3,2,3
"2180",2,3,2,3
"2181",3,3,2,3
"2182",4,3,2,3
"2183",5,3,2,3
"2184",6,3,2,3
"2185",7,3,2,3
"2186",8,3,2,3
"2187",9,3,2,3
"2188",10,3,2,3
"2189",11,3,2,3
"2190",12,3,2,3
"2191",13,3,2,3
"2192",14,3,2,3
"2193",15,3,2,3
"2194",16,3,2,3
"2195",17,3,2,3
"2196",18,3,2,3
"2197",19,3,2,3
"2198",20,3,2,3
"2199",21,3,2,3
"2200",22,3,2,3
"2201",23,3,2,3
"2202",24,3,2,3
"2203",25,3,2,3
"2204",26,3,2,3
"2205",27,3,2,3
"2206",28,3,2,3
"2207",29,3,2,3
"2208",30,3,2,3
"2209",-1,4,2,3
"2210",0,4,2,3
"2211",1,4,2,3
"2212",2,4,2,3
"2213",3,4,2,3
"2214",4,4,2,3
"2215",5,4,2,3
"2216",6,4,2,3
"2217",7,4,2,3
"2218",8,4,2,3
"2219",9,4,2,3
"2220",10,4,2,3
"2221",11,4,2,3
"2222",12,4,2,3
"2223",13,4,2,3
"2224",14,4,2,3
"2225",15,4,2,3
"2226",16,4,2,3
"2227",17,4,2,3
"2228",18,4,2,3
"2229",19,4,2,3
"2230",20,4,2,3
"2231",21,4,2,3
"2232",22,4,2,3
"2233",23,4,2,3
"2234",24,4,2,3
"2235",25,4,2,3
"2236",26,4,2,3
"2237",27,4,2,3
"2238",28,4,2,3
"2239",29,4,2,3
"2240",30,4,2,3
"2241",-1,5,2,3
"2242",0,5,2,3
"2243",1,5,2,3
"2244",2,5,2,3
"2245",3,5,2,3
"2246",4,5,2,3
"2247",5,5,2,3
"2248",6,5,2,3
"2249",7,5,2,3
"2250",8,5,2,3
"2251",9,5,2,3
"2252",10,5,2,3
"2253",11,5,2,3
"2254",12,5,2,3
"2255",13,5,2,3
"2256",14,5,2,3
"2257",15,5,2,3
"2258",16,5,2,3
"2259",17,5,2,3
"2260",18,5,2,3
"2261",19,5,2,3
"2262",20,5,2,3
"2263",21,5,2,3
"2264",22,5,2,3
"2265",23,5,2,3
"2266",24,5,2,3
"2267",25,5,2,3
"2268",26,5,2,3
"2269",27,5,2,3
"2270",28,5,2,3
"2271",29,5,2,3
"2272",30,5,2,3
"2273",-1,6,2,3
"2274",0,6,2,3
"2275",1,6,2,3
"2276",2,6,2,3
"2277",3,6,2,3
"2278",4,6,2,3
"2279",5,6,2,3
"2280",6,6,2,3
"2281",7,6,2,3
"2282",8,6,2,3
"2283",9,6,2,3
"2284",10,6,2,3
"2285",11,6,2,3
"2286",12,6,2,3
"2287",13,6,2,3
"2288",14,6,2,3
"2289",15,6,2,3
"2290",16,6,2,3
"2291",17,6,2,3
"2292",18,6,2,3
"2293",19,6,2,3
"2294",20,6,2,3
"2295",21,6,2,3
"2296",22,6,2,3
"2297",23,6,2,3
"2298",24,6,2,3
"2299",25,6,2,3
"2300",26,6,2,3
"2301",27,6,2,3
"2302",28,6,2,3
"2303",29,6,2,3
"2304",30,6,2,3
"2305",-1,7,2,3
"2306",0,7,2,3
"2307",1,7,2,3
"2308",2,7,2,3
"2309",3,7,2,3
"2310",4,7,2,3
"2311",5,7,2,3
"2312",6,7,2,3
"2313",7,7,2,3
"2314",8,7,2,3
"2315",9,7,2,3
"2316",10,7,2,3
"2317",11,7,2,3
"2318",12,7,2,3
"2319",13,7,2,3
"2320",14,7,2,3
"2321",15,7,2,3
"2322",16,7,2,3
"2323",17,7,2,3
"2324",18,7,2,3
"2325",19,7,2,3
"2326",20,7,2,3
"2327",21,7,2,3
"2328",22,7,2,3
"2329",23,7,2,3
"2330",24,7,2,3
"2331",25,7,2,3
"2332",26,7,2,3
"2333",27,7,2,3
"2334",28,7,2,3
"2335",29,7,2,3
"2336",30,7,2,3
"2337",-1,8,2,3
"2338",0,8,2,3
"2339",1,8,2,3
"2340",2,8,2,3
"2341",3,8,2,3
"2342",4,8,2,3
"2343",5,8,2,3
"2344",6,8,2,3
"2345",7,8,2,3
"2346",8,8,2,3
"2347",9,8,2,3
"2348",10,8,2,3
"2349",11,8,2,3
"2350",12,8,2,3
"2351",13,8,2,3
"2352",14,8,2,3
"2353",15,8,2,3
"2354",16,8,2,3
"2355",17,8,2,3
"2356",18,8,2,3
"2357",19,8,2,3
"2358",20,8,2,3
"2359",21,8,2,3
"2360",22,8,2,3
"2361",23,8,2,3
"2362",24,8,2,3
"2363",25,8,2,3
"2364",26,8,2,3
"2365",27,8,2,3
"2366",28,8,2,3
"2367",29,8,2,3
"2368",30,8,2,3
"2369",-1,9,2,3
"2370",0,9,2,3
"2371",1,9,2,3
"2372",2,9,2,3
"2373",3,9,2,3
"2374",4,9,2,3
"2375",5,9,2,3
"2376",6,9,2,3
"2377",7,9,2,3
"2378",8,9,2,3
"2379",9,9,2,3
"2380",10,9,2,3
"2381",11,9,2,3
"2382",12,9,2,3
"2383",13,9,2,3
"2384",14,9,2,3
"2385",15,9,2,3
"2386",16,9,2,3
"2387",17,9,2,3
"2388",18,9,2,3
"2389",19,9,2,3
"2390",20,9,2,3
"2391",21,9,2,3
"2392",22,9,2,3
"2393",23,9,2,3
"2394",24,9,2,3
"2395",25,9,2,3
"2396",26,9,2,3
"2397",27,9,2,3
"2398",28,9,2,3
"2399",29,9,2,3
"2400",30,9,2,3
"2401",-1,10,2,3
"2402",0,10,2,3
"2403",1,10,2,3
"2404",2,10,2,3
"2405",3,10,2,3
"2406",4,10,2,3
"2407",5,10,2,3
"2408",6,10,2,3
"2409",7,10,2,3
"2410",8,10,2,3
"2411",9,10,2,3
"2412",10,10,2,3
"2413",11,10,2,3
"2414",12,10,2,3
"2415",13,10,2,3
"2416",14,10,2,3
"2417",15,10,2,3
"2418",16,10,2,3
"2419",17,10,2,3
"2420",18,10,2,3
"2421",19,10,2,3
"2422",20,10,2,3
"2423",21,10,2,3
"2424",22,10,2,3
"2425",23,10,2,3
"2426",24,10,2,3
"2427",25,10,2,3
"2428",26,10,2,3
"2429",27,10,2,3
"2430",28,10,2,3
"2431",29,10,2,3
"2432",30,10,2,3
"2433",-1,11,2,3
"2434",0,11,2,3
"2435",1,11,2,3
"2436",2,11,2,3
"2437",3,11,2,3
"2438",4,11,2,3
"2439",5,11,2,3
"2440",6,11,2,3
"2441",7,11,2,3
"2442",8,11,2,3
"2443",9,11,2,3
"2444",10,11,2,3
"2445",11,11,2,3
"2446",12,11,2,3
"2447",13,11,2,3
"2448",14,11,2,3
"2449",15,11,2,3
"2450",16,11,2,3
"2451",17,11,2,3
"2452",18,11,2,3
"2453",19,11,2,3
"2454",20,11,2,3
"2455",21,11,2,3
"2456",22,11,2,3
"2457",23,11,2,3
"2458",24,11,2,3
"2459",25,11,2,3
"2460",26,11,2,3
"2461",27,11,2,3
"2462",28,11,2,3
"2463",29,11,2,3
"2464",30,11,2,3
"2465",-1,12,2,3
"2466",0,12,2,3
"2467",1,12,2,3
"2468",2,12,2,3
"2469",3,12,2,3
"2470",4,12,2,3
"2471",5,12,2,3
"2472",6,12,2,3
"2473",7,12,2,3
"2474",8,12,2,3
"2475",9,12,2,3
"2476",10,12,2,3
"2477",11,12,2,3
"2478",12,12,2,3
"2479",13,12,2,3
"2480",14,12,2,3
"2481",15,12,2,3
"2482",16,12,2,3
"2483",17,12,2,3
"2484",18,12,2,3
"2485",19,12,2,3
"2486",20,12,2,3
"2487",21,12,2,3
"2488",22,12,2,3
"2489",23,12,2,3
"2490",24,12,2,3
"2491",25,12,2,3
"2492",26,12,2,3
"2493",27,12,2,3
"2494",28,12,2,3
"2495",29,12,2,3
"2496",30,12,2,3
"2497",-1,13,2,3
"2498",0,13,2,3
"2499",1,13,2,3
"2500",2,13,2,3
"2501",3,13,2,3
"2502",4,13,2,3
"2503",5,13,2,3
"2504",6,13,2,3
"2505",7,13,2,3
"2506",8,13,2,3
"2507",9,13,2,3
"2508",10,13,2,3
"2509",11,13,2,3
"2510",12,13,2,3
"2511",13,13,2,3
"2512",14,13,2,3
"2513",15,13,2,3
"2514",16,13,2,3
"2515",17,13,2,3
"2516",18,13,2,3
"2517",19,13,2,3
"2518",20,13,2,3
"2519",21,13,2,3
"2520",22,13,2,3
"2521",23,13,2,3
"2522",24,13,2,3
"2523",25,13,2,3
"2524",26,13,2,3
"2525",27,13,2,3
"2526",28,13,2,3
"2527",29,13,2,3
"2528",30,13,2,3
"2529",-1,14,2,3
"2530",0,14,2,3
"2531",1,14,2,3
"2532",2,14,2,3
"2533",3,14,2,3
"2534",4,14,2,3
"2535",5,14,2,3
"2536",6,14,2,3
"2537",7,14,2,3
"2538",8,14,2,3
"2539",9,14,2,3
"2540",10,14,2,3
"2541",11,14,2,3
"2542",12,14,2,3
"2543",13,14,2,3
"2544",14,14,2,3
"2545",15,14,2,3
"2546",16,14,2,3
"2547",17,14,2,3
"2548",18,14,2,3
"2549",19,14,2,3
"2550",20,14,2,3
"2551",21,14,2,3
"2552",22,14,2,3
"2553",23,14,2,3
"2554",24,14,2,3
"2555",25,14,2,3
"2556",26,14,2,3
"2557",27,14,2,3
"2558",28,14,2,3
"2559",29,14,2,3
"2560",30,14,2,3
"2561",-1,15,2,3
"2562",0,15,2,3
"2563",1,15,2,3
"2564",2,15,2,3
"2565",3,15,2,3
"2566",4,15,2,3
"2567",5,15,2,3
"2568",6,15,2,3
"2569",7,15,2,3
"2570",8,15,2,3
"2571",9,15,2,3
"2572",10,15,2,3
"2573",11,15,2,3
"2574",12,15,2,3
"2575",13,15,2,3
"2576",14,15,2,3
"2577",15,15,2,3
"2578",16,15,2,3
"2579",17,15,2,3
"2580",18,15,2,3
"2581",19,15,2,3
"2582",20,15,2,3
"2583",21,15,2,3
"2584",22,15,2,3
"2585",23,15,2,3
"2586",24,15,2,3
"2587",25,15,2,3
"2588",26,15,2,3
"2589",27,15,2,3
"2590",28,15,2,3
"2591",29,15,2,3
"2592",30,15,2,3
"2593",-1,16,2,3
"2594",0,16,2,3
"2595",1,16,2,3
"2596",2,16,2,3
"2597",3,16,2,3
"2598",4,16,2,3
"2599",5,16,2,3
"2600",6,16,2,3
"2601",7,16,2,3
"2602",8,16,2,3
"2603",9,16,2,3
"2604",10,16,2,3
"2605",11,16,2,3
"2606",12,16,2,3
"2607",13,16,2,3
"2608",14,16,2,3
"2609",15,16,2,3
"2610",16,16,2,3
"2611",17,16,2,3
"2612",18,16,2,3
"2613",19,16,2,3
"2614",20,16,2,3
"2615",21,16,2,3
"2616",22,16,2,3
"2617",23,16,2,3
"2618",24,16,2,3
"2619",25,16,2,3
"2620",26,16,2,3
"2621",27,16,2,3
"2622",28,16,2,3
"2623",29,16,2,3
"2624",30,16,2,3
"2625",-1,17,2,3
"2626",0,17,2,3
"2627",1,17,2,3
"2628",2,17,2,3
"2629",3,17,2,3
"2630",4,17,2,3
"2631",5,17,2,3
"2632",6,17,2,3
"2633",7,17,2,3
"2634",8,17,2,3
"2635",9,17,2,3
"2636",10,17,2,3
"2637",11,17,2,3
"2638",12,17,2,3
"2639",13,17,2,3
"2640",14,17,2,3
"2641",15,17,2,3
"2642",16,17,2,3
"2643",17,17,2,3
"2644",18,17,2,3
"2645",19,17,2,3
"2646",20,17,2,3
"2647",21,17,2,3
"2648",22,17,2,3
"2649",23,17,2,3
"2650",24,17,2,3
"2651",25,17,2,3
"2652",26,17,2,3
"2653",27,17,2,3
"2654",28,17,2,3
"2655",29,17,2,3
"2656",30,17,2,3
"2657",-1,18,2,3
"2658",0,18,2,3
"2659",1,18,2,3
"2660",2,18,2,3
"2661",3,18,2,3
"2662",4,18,2,3
"2663",5,18,2,3
"2664",6,18,2,3
"2665",7,18,2,3
"2666",8,18,2,3
"2667",9,18,2,3
"2668",10,18,2,3
"2669",11,18,2,3
"2670",12,18,2,3
"2671",13,18,2,3
"2672",14,18,2,3
"2673",15,18,2,3
"2674",16,18,2,3
"2675",17,18,2,3
"2676",18,18,2,3
"2677",19,18,2,3
"2678",20,18,2,3
"2679",21,18,2,3
"2680",22,18,2,3
"2681",23,18,2,3
"2682",24,18,2,3
"2683",25,18,2,3
"2684",26,18,2,3
"2685",27,18,2,3
"2686",28,18,2,3
"2687",29,18,2,3
"2688",30,18,2,3
"2689",-1,19,2,3
"2690",0,19,2,3
"2691",1,19,2,3
"2692",2,19,2,3
"2693",3,19,2,3
"2694",4,19,2,3
"2695",5,19,2,3
"2696",6,19,2,3
"2697",7,19,2,3
"2698",8,19,2,3
"2699",9,19,2,3
"2700",10,19,2,3
"2701",11,19,2,3
"2702",12,19,2,3
"2703",13,19,2,3
"2704",14,19,2,3
"2705",15,19,2,3
"2706",16,19,2,3
"2707",17,19,2,3
"2708",18,19,2,3
"2709",19,19,2,3
"2710",20,19,2,3
"2711",21,19,2,3
"2712",22,19,2,3
"2713",23,19,2,3
"2714",24,19,2,3
"2715",25,19,2,3
"2716",26,19,2,3
"2717",27,19,2,3
"2718",28,19,2,3
"2719",29,19,2,3
"2720",30,19,2,3
"2721",-1,20,2,3
"2722",0,20,2,3
"2723",1,20,2,3
"2724",2,20,2,3
"2725",3,20,2,3
"2726",4,20,2,3
"2727",5,20,2,3
"2728",6,20,2,3
"2729",7,20,2,3
"2730",8,20,2,3
"2731",9,20,2,3
"2732",10,20,2,3
"2733",11,20,2,3
"2734",12,20,2,3
"2735",13,20,2,3
"2736",14,20,2,3
"2737",15,20,2,3
"2738",16,20,2,3
"2739",17,20,2,3
"2740",18,20,2,3
"2741",19,20,2,3
"2742",20,20,2,3
"2743",21,20,2,3
"2744",22,20,2,3
"2745",23,20,2,3
"2746",24,20,2,3
"2747",25,20,2,3
"2748",26,20,2,3
"2749",27,20,2,3
"2750",28,20,2,3
"2751",29,20,2,3
"2752",30,20,2,3
"2753",-1,21,2,3
"2754",0,21,2,3
"2755",1,21,2,3
"2756",2,21,2,3
"2757",3,21,2,3
"2758",4,21,2,3
"2759",5,21,2,3
"2760",6,21,2,3
"2761",7,21,2,3
"2762",8,21,2,3
"2763",9,21,2,3
"2764",10,21,2,3
"2765",11,21,2,3
"2766",12,21,2,3
"2767",13,21,2,3
"2768",14,21,2,3
"2769",15,21,2,3
"2770",16,21,2,3
"2771",17,21,2,3
"2772",18,21,2,3
"2773",19,21,2,3
"2774",20,21,2,3
"2775",21,21,2,3
"2776",22,21,2,3
"2777",23,21,2,3
"2778",24,21,2,3
"2779",25,21,2,3
"2780",26,21,2,3
"2781",27,21,2,3
"2782",28,21,2,3
"2783",29,21,2,3
"2784",30,21,2,3
"2785",-1,22,2,3
"2786",0,22,2,3
"2787",1,22,2,3
"2788",2,22,2,3
"2789",3,22,2,3
"2790",4,22,2,3
"2791",5,22,2,3
"2792",6,22,2,3
"2793",7,22,2,3
"2794",8,22,2,3
"2795",9,22,2,3
"2796",10,22,2,3
"2797",11,22,2,3
"2798",12,22,2,3
"2799",13,22,2,3
"2800",14,22,2,3
"2801",15,22,2,3
"2802",16,22,2,3
"2803",17,22,2,3
"2804",18,22,2,3
"2805",19,22,2,3
"2806",20,22,2,3
"2807",21,22,2,3
"2808",22,22,2,3
"2809",23,22,2,3
"2810",24,22,2,3
"2811",25,22,2,3
"2812",26,22,2,3
"2813",27,22,2,3
"2814",28,22,2,3
"2815",29,22,2,3
"2816",30,22,2,3
"2817",-1,23,2,3
"2818",0,23,2,3
"2819",1,23,2,3
"2820",2,23,2,3
"2821",3,23,2,3
"2822",4,23,2,3
"2823",5,23,2,3
"2824",6,23,2,3
"2825",7,23,2,3
"2826",8,23,2,3
"2827",9,23,2,3
"2828",10,23,2,3
"2829",11,23,2,3
"2830",12,23,2,3
"2831",13,23,2,3
"2832",14,23,2,3
"2833",15,23,2,3
"2834",16,23,2,3
"2835",17,23,2,3
"2836",18,23,2,3
"2837",19,23,2,3
"2838",20,23,2,3
"2839",21,23,2,3
"2840",22,23,2,3
"2841",23,23,2,3
"2842",24,23,2,3
"2843",25,23,2,3
"2844",26,23,2,3
"2845",27,23,2,3
"2846",28,23,2,3
"2847",29,23,2,3
"2848",30,23,2,3
"2849",-1,24,2,3
"2850",0,24,2,3
"2851",1,24,2,3
"2852",2,24,2,3
"2853",3,24,2,3
"2854",4,24,2,3
"2855",5,24,2,3
"2856",6,24,2,3
"2857",7,24,2,3
"2858",8,24,2,3
"2859",9,24,2,3
"2860",10,24,2,3
"2861",11,24,2,3
"2862",12,24,2,3
"2863",13,24,2,3
"2864",14,24,2,3
"2865",15,24,2,3
"2866",16,24,2,3
"2867",17,24,2,3
"2868",18,24,2,3
"2869",19,24,2,3
"2870",20,24,2,3
"2871",21,24,2,3
"2872",22,24,2,3
"2873",23,24,2,3
"2874",24,24,2,3
"2875",25,24,2,3
"2876",26,24,2,3
"2877",27,24,2,3
"2878",28,24,2,3
"2879",29,24,2,3
"2880",30,24,2,3
"2881",-1,25,2,3
"2882",0,25,2,3
"2883",1,25,2,3
"2884",2,25,2,3
"2885",3,25,2,3
"2886",4,25,2,3
"2887",5,25,2,3
"2888",6,25,2,3
"2889",7,25,2,3
"2890",8,25,2,3
"2891",9,25,2,3
"2892",10,25,2,3
"2893",11,25,2,3
"2894",12,25,2,3
"2895",13,25,2,3
"2896",14,25,2,3
"2897",15,25,2,3
"2898",16,25,2,3
"2899",17,25,2,3
"2900",18,25,2,3
"2901",19,25,2,3
"2902",20,25,2,3
"2903",21,25,2,3
"2904",22,25,2,3
"2905",23,25,2,3
"2906",24,25,2,3
"2907",25,25,2,3
"2908",26,25,2,3
"2909",27,25,2,3
"2910",28,25,2,3
"2911",29,25,2,3
"2912",30,25,2,3
"2913",-1,26,2,3
"2914",0,26,2,3
"2915",1,26,2,3
"2916",2,26,2,3
"2917",3,26,2,3
"2918",4,26,2,3
"2919",5,26,2,3
"2920",6,26,2,3
"2921",7,26,2,3
"2922",8,26,2,3
"2923",9,26,2,3
"2924",10,26,2,3
"2925",11,26,2,3
"2926",12,26,2,3
"2927",13,26,2,3
"2928",14,26,2,3
"2929",15,26,2,3
"2930",16,26,2,3
"2931",17,26,2,3
"2932",18,26,2,3
"2933",19,26,2,3
"2934",20,26,2,3
"2935",21,26,2,3
"2936",22,26,2,3
"2937",23,26,2,3
"2938",24,26,2,3
"2939",25,26,2,3
"2940",26,26,2,3
"2941",27,26,2,3
"2942",28,26,2,3
"2943",29,26,2,3
"2944",30,26,2,3
"2945",-1,27,2,3
"2946",0,27,2,3
"2947",1,27,2,3
"2948",2,27,2,3
"2949",3,27,2,3
"2950",4,27,2,3
"2951",5,27,2,3
"2952",6,27,2,3
"2953",7,27,2,3
"2954",8,27,2,3
"2955",9,27,2,3
"2956",10,27,2,3
"2957",11,27,2,3
"2958",12,27,2,3
"2959",13,27,2,3
"2960",14,27,2,3
"2961",15,27,2,3
"2962",16,27,2,3
"2963",17,27,2,3
"2964",18,27,2,3
"2965",19,27,2,3
"2966",20,27,2,3
"2967",21,27,2,3
"2968",22,27,2,3
"2969",23,27,2,3
"2970",24,27,2,3
"2971",25,27,2,3
"2972",26,27,2,3
"2973",27,27,2,3
"2974",28,27,2,3
"2975",29,27,2,3
"2976",30,27,2,3
"2977",-1,28,2,3
"2978",0,28,2,3
"2979",1,28,2,3
"2980",2,28,2,3
"2981",3,28,2,3
"2982",4,28,2,3
"2983",5,28,2,3
"2984",6,28,2,3
"2985",7,28,2,3
"2986",8,28,2,3
"2987",9,28,2,3
"2988",10,28,2,3
"2989",11,28,2,3
"2990",12,28,2,3
"2991",13,28,2,3
"2992",14,28,2,3
"2993",15,28,2,3
"2994",16,28,2,3
"2995",17,28,2,3
"2996",18,28,2,3
"2997",19,28,2,3
"2998",20,28,2,3
"2999",21,28,2,3
"3000",22,28,2,3
"3001",23,28,2,3
"3002",24,28,2,3
"3003",25,28,2,3
"3004",26,28,2,3
"3005",27,28,2,3
"3006",28,28,2,3
"3007",29,28,2,3
"3008",30,28,2,3
"3009",-1,29,2,3
"3010",0,29,2,3
"3011",1,29,2,3
"3012",2,29,2,3
"3013",3,29,2,3
"3014",4,29,2,3
"3015",5,29,2,3
"3016",6,29,2,3
"3017",7,29,2,3
"3018",8,29,2,3
"3019",9,29,2,3
"3020",10,29,2,3
"3021",11,29,2,3
"3022",12,29,2,3
"3023",13,29,2,3
"3024",14,29,2,3
"3025",15,29,2,3
"3026",16,29,2,3
"3027",17,29,2,3
"3028",18,29,2,3
"3029",19,29,2,3
"3030",20,29,2,3
"3031",21,29,2,3
"3032",22,29,2,3
"3033",23,29,2,3
"3034",24,29,2,3
"3035",25,29,2,3
"3036",26,29,2,3
"3037",27,29,2,3
"3038",28,29,2,3
"3039",29,29,2,3
"3040",30,29,2,3
"3041",-1,30,2,3
"3042",0,30,2,3
"3043",1,30,2,3
"3044",2,30,2,3
"3045",3,30,2,3
"3046",4,30,2,3
"3047",5,30,2,3
"3048",6,30,2,3
"3049",7,30,2,3
"3050",8,30,2,3
"3051",9,30,2,3
"3052",10,30,2,3
"3053",11,30,2,3
"3054",12,30,2,3
"3055",13,30,2,3
"3056",14,30,2,3
"3057",15,30,2,3
"3058",16,30,2,3
"3059",17,30,2,3
"3060",18,30,2,3
"3061",19,30,2,3
"3062",20,30,2,3
"3063",21,30,2,3
"3064",22,30,2,3
"3065",23,30,2,3
"3066",24,30,2,3
"3067",25,30,2,3
"3068",26,30,2,3
"3069",27,30,2,3
"3070",28,30,2,3
"3071",29,30,2,3
"3072",30,30,2,3
